{
  "components": {
    "comp-create-bq-view": {
      "executorLabel": "exec-create-bq-view",
      "inputDefinitions": {
        "parameters": {
          "dataset_id": {
            "parameterType": "STRING"
          },
          "project_id": {
            "parameterType": "STRING"
          },
          "table_name": {
            "parameterType": "STRING"
          },
          "view_name": {
            "parameterType": "STRING"
          }
        }
      }
    },
    "comp-deploy-xgboost-model": {
      "executorLabel": "exec-deploy-xgboost-model",
      "inputDefinitions": {
        "artifacts": {
          "model": {
            "artifactType": {
              "schemaTitle": "system.Model",
              "schemaVersion": "0.0.1"
            }
          }
        },
        "parameters": {
          "project_id": {
            "parameterType": "STRING"
          }
        }
      },
      "outputDefinitions": {
        "artifacts": {
          "vertex_endpoint": {
            "artifactType": {
              "schemaTitle": "system.Artifact",
              "schemaVersion": "0.0.1"
            }
          },
          "vertex_model": {
            "artifactType": {
              "schemaTitle": "system.Model",
              "schemaVersion": "0.0.1"
            }
          }
        }
      }
    },
    "comp-evaluate-model": {
      "executorLabel": "exec-evaluate-model",
      "inputDefinitions": {
        "artifacts": {
          "model": {
            "artifactType": {
              "schemaTitle": "system.Model",
              "schemaVersion": "0.0.1"
            }
          },
          "test_data": {
            "artifactType": {
              "schemaTitle": "system.Dataset",
              "schemaVersion": "0.0.1"
            }
          }
        }
      },
      "outputDefinitions": {
        "artifacts": {
          "metrics": {
            "artifactType": {
              "schemaTitle": "system.Metrics",
              "schemaVersion": "0.0.1"
            }
          }
        }
      }
    },
    "comp-export-dataset": {
      "executorLabel": "exec-export-dataset",
      "inputDefinitions": {
        "parameters": {
          "dataset_id": {
            "parameterType": "STRING"
          },
          "project_id": {
            "parameterType": "STRING"
          },
          "view_name": {
            "parameterType": "STRING"
          }
        }
      },
      "outputDefinitions": {
        "artifacts": {
          "dataset": {
            "artifactType": {
              "schemaTitle": "system.Dataset",
              "schemaVersion": "0.0.1"
            }
          }
        }
      }
    },
    "comp-xgboost-training": {
      "executorLabel": "exec-xgboost-training",
      "inputDefinitions": {
        "artifacts": {
          "dataset": {
            "artifactType": {
              "schemaTitle": "system.Dataset",
              "schemaVersion": "0.0.1"
            }
          }
        }
      },
      "outputDefinitions": {
        "artifacts": {
          "metrics": {
            "artifactType": {
              "schemaTitle": "system.Metrics",
              "schemaVersion": "0.0.1"
            }
          },
          "model": {
            "artifactType": {
              "schemaTitle": "system.Model",
              "schemaVersion": "0.0.1"
            }
          }
        }
      }
    }
  },
  "deploymentSpec": {
    "executors": {
      "exec-create-bq-view": {
        "container": {
          "args": [
            "--executor_input",
            "{{$}}",
            "--function_to_execute",
            "create_bq_view"
          ],
          "command": [
            "sh",
            "-c",
            "\nif ! [ -x \"$(command -v pip)\" ]; then\n    python3 -m ensurepip || python3 -m ensurepip --user || apt-get install python3-pip\nfi\n\nPIP_DISABLE_PIP_VERSION_CHECK=1 python3 -m pip install --quiet --no-warn-script-location 'kfp==2.7.0' '--no-deps' 'typing-extensions>=3.7.4,<5; python_version<\"3.9\"'  &&  python3 -m pip install --quiet --no-warn-script-location 'google-cloud-bigquery' 'pandas' && \"$0\" \"$@\"\n",
            "sh",
            "-ec",
            "program_path=$(mktemp -d)\n\nprintf \"%s\" \"$0\" > \"$program_path/ephemeral_component.py\"\n_KFP_RUNTIME=true python3 -m kfp.dsl.executor_main                         --component_module_path                         \"$program_path/ephemeral_component.py\"                         \"$@\"\n",
            "\nimport kfp\nfrom kfp import dsl\nfrom kfp.dsl import *\nfrom typing import *\n\ndef create_bq_view(\n    project_id: str,\n    dataset_id: str,\n    table_name: str,\n    view_name: str\n):\n    \"\"\"Creates a BigQuery view.\"\"\"\n    from google.cloud import bigquery\n    client = bigquery.Client(project=project_id)\n\n    create_or_replace_view = f\"\"\"\n        CREATE OR REPLACE VIEW\n        `{dataset_id}.{view_name}` AS\n        SELECT\n        interest_rate,\n        loan_amount,\n        loan_balance,\n        loan_to_value_ratio,\n        credit_score,\n        debt_to_income_ratio,\n        income,\n        loan_term,\n        loan_age,\n        home_value,\n        current_rate,\n        rate_spread,\n        refinance\n        FROM `{project_id}.{dataset_id}.{table_name}`\n    \"\"\"\n\n    query_job = client.query(create_or_replace_view)\n    query_job.result()\n\n"
          ],
          "image": "python:3.10"
        }
      },
      "exec-deploy-xgboost-model": {
        "container": {
          "args": [
            "--executor_input",
            "{{$}}",
            "--function_to_execute",
            "deploy_xgboost_model"
          ],
          "command": [
            "sh",
            "-c",
            "\nif ! [ -x \"$(command -v pip)\" ]; then\n    python3 -m ensurepip || python3 -m ensurepip --user || apt-get install python3-pip\nfi\n\nPIP_DISABLE_PIP_VERSION_CHECK=1 python3 -m pip install --quiet --no-warn-script-location 'kfp==2.7.0' '--no-deps' 'typing-extensions>=3.7.4,<5; python_version<\"3.9\"'  &&  python3 -m pip install --quiet --no-warn-script-location 'google-cloud-aiplatform' && \"$0\" \"$@\"\n",
            "sh",
            "-ec",
            "program_path=$(mktemp -d)\n\nprintf \"%s\" \"$0\" > \"$program_path/ephemeral_component.py\"\n_KFP_RUNTIME=true python3 -m kfp.dsl.executor_main                         --component_module_path                         \"$program_path/ephemeral_component.py\"                         \"$@\"\n",
            "\nimport kfp\nfrom kfp import dsl\nfrom kfp.dsl import *\nfrom typing import *\n\ndef deploy_xgboost_model(\n    model: Input[Model],\n    project_id: str,\n    vertex_endpoint: Output[Artifact],\n    vertex_model: Output[Model]\n):\n    \"\"\"Deploys the model to Vertex AI.\"\"\"\n    from google.cloud import aiplatform\n\n    aiplatform.init(project=project_id)\n\n    deployed_model = aiplatform.Model.upload(\n        display_name=\"classification-demo-model\",\n        artifact_uri=model.uri,\n        serving_container_image_uri=\"us-docker.pkg.dev/vertex-ai/prediction/xgboost-cpu.1-7:latest\",\n    )\n\n    endpoint = deployed_model.deploy(machine_type=\"n1-standard-4\")\n\n    vertex_endpoint.uri = endpoint.resource_name\n    vertex_model.uri = deployed_model.resource_name\n\n"
          ],
          "image": "python:3.10"
        }
      },
      "exec-evaluate-model": {
        "container": {
          "args": [
            "--executor_input",
            "{{$}}",
            "--function_to_execute",
            "evaluate_model"
          ],
          "command": [
            "sh",
            "-c",
            "\nif ! [ -x \"$(command -v pip)\" ]; then\n    python3 -m ensurepip || python3 -m ensurepip --user || apt-get install python3-pip\nfi\n\nPIP_DISABLE_PIP_VERSION_CHECK=1 python3 -m pip install --quiet --no-warn-script-location 'kfp==2.7.0' '--no-deps' 'typing-extensions>=3.7.4,<5; python_version<\"3.9\"'  &&  python3 -m pip install --quiet --no-warn-script-location 'xgboost' 'pandas' 'joblib' 'scikit-learn' && \"$0\" \"$@\"\n",
            "sh",
            "-ec",
            "program_path=$(mktemp -d)\n\nprintf \"%s\" \"$0\" > \"$program_path/ephemeral_component.py\"\n_KFP_RUNTIME=true python3 -m kfp.dsl.executor_main                         --component_module_path                         \"$program_path/ephemeral_component.py\"                         \"$@\"\n",
            "\nimport kfp\nfrom kfp import dsl\nfrom kfp.dsl import *\nfrom typing import *\n\ndef evaluate_model(\n    model: Input[Model],\n    test_data: Input[Dataset],\n    metrics: Output[Metrics]\n):\n    \"\"\"Evaluates the model.\"\"\"\n    import joblib\n    import pandas as pd\n    from sklearn.metrics import accuracy_score\n\n    # Load model and test data\n    model = joblib.load(f\"{model.path}/model.joblib\")\n    test_data = pd.read_csv(test_data.path)\n\n    X_test = test_data.drop(columns=[\"refinance\"])\n    y_test = test_data[\"refinance\"]\n\n    predictions = model.predict(X_test)\n    accuracy = accuracy_score(y_test, predictions)\n\n    metrics.log_metric(\"accuracy\", accuracy)\n\n"
          ],
          "image": "python:3.10"
        }
      },
      "exec-export-dataset": {
        "container": {
          "args": [
            "--executor_input",
            "{{$}}",
            "--function_to_execute",
            "export_dataset"
          ],
          "command": [
            "sh",
            "-c",
            "\nif ! [ -x \"$(command -v pip)\" ]; then\n    python3 -m ensurepip || python3 -m ensurepip --user || apt-get install python3-pip\nfi\n\nPIP_DISABLE_PIP_VERSION_CHECK=1 python3 -m pip install --quiet --no-warn-script-location 'kfp==2.7.0' '--no-deps' 'typing-extensions>=3.7.4,<5; python_version<\"3.9\"'  &&  python3 -m pip install --quiet --no-warn-script-location 'google-cloud-bigquery[pandas]' 'pandas' && \"$0\" \"$@\"\n",
            "sh",
            "-ec",
            "program_path=$(mktemp -d)\n\nprintf \"%s\" \"$0\" > \"$program_path/ephemeral_component.py\"\n_KFP_RUNTIME=true python3 -m kfp.dsl.executor_main                         --component_module_path                         \"$program_path/ephemeral_component.py\"                         \"$@\"\n",
            "\nimport kfp\nfrom kfp import dsl\nfrom kfp.dsl import *\nfrom typing import *\n\ndef export_dataset(\n    project_id: str,\n    dataset_id: str,\n    view_name: str,\n    dataset: Output[Dataset]\n):\n    \"\"\"Exports data from BigQuery view to CSV.\"\"\"\n    from google.cloud import bigquery\n    import pandas as pd\n\n    client = bigquery.Client(project=project_id)\n    query = f\"SELECT * FROM `{project_id}.{dataset_id}.{view_name}`\"\n    df = client.query(query).to_dataframe()\n    df.to_csv(dataset.path, index=False)\n\n"
          ],
          "image": "python:3.10"
        }
      },
      "exec-xgboost-training": {
        "container": {
          "args": [
            "--executor_input",
            "{{$}}",
            "--function_to_execute",
            "xgboost_training"
          ],
          "command": [
            "sh",
            "-c",
            "\nif ! [ -x \"$(command -v pip)\" ]; then\n    python3 -m ensurepip || python3 -m ensurepip --user || apt-get install python3-pip\nfi\n\nPIP_DISABLE_PIP_VERSION_CHECK=1 python3 -m pip install --quiet --no-warn-script-location 'kfp==2.7.0' '--no-deps' 'typing-extensions>=3.7.4,<5; python_version<\"3.9\"'  &&  python3 -m pip install --quiet --no-warn-script-location 'xgboost' 'pandas' 'joblib' 'scikit-learn' && \"$0\" \"$@\"\n",
            "sh",
            "-ec",
            "program_path=$(mktemp -d)\n\nprintf \"%s\" \"$0\" > \"$program_path/ephemeral_component.py\"\n_KFP_RUNTIME=true python3 -m kfp.dsl.executor_main                         --component_module_path                         \"$program_path/ephemeral_component.py\"                         \"$@\"\n",
            "\nimport kfp\nfrom kfp import dsl\nfrom kfp.dsl import *\nfrom typing import *\n\ndef xgboost_training(\n    dataset: Input[Dataset],\n    model: Output[Model],\n    metrics: Output[Metrics]\n):\n    \"\"\"Trains an XGBoost model.\"\"\"\n    import os\n    import pandas as pd\n    import joblib\n    import xgboost as xgb\n    from sklearn.model_selection import train_test_split\n    from sklearn.metrics import accuracy_score, roc_auc_score, precision_recall_curve\n\n    # Load dataset\n    raw_data = pd.read_csv(dataset.path)\n\n    LABEL_COLUMN = \"refinance\"\n    POSITIVE_VALUE = 1\n\n    X = raw_data.drop([LABEL_COLUMN], axis=1)\n    y = (raw_data[LABEL_COLUMN] == POSITIVE_VALUE).astype(int)\n\n    X_train, X_test, y_train, y_test = train_test_split(X, y, test_size=0.2)\n\n    params = {\n        \"reg_lambda\": [0, 1],\n        \"gamma\": [1, 2],\n        \"max_depth\": [3, 5, 10],\n        \"learning_rate\": [0.1, 0.01],\n    }\n\n    xgb_model = xgb.XGBClassifier(n_estimators=50, objective=\"binary:logistic\")\n    xgb_model.fit(X_train, y_train)\n\n    predictions = xgb_model.predict(X_test)\n    accuracy = accuracy_score(y_test, predictions)\n    auc = roc_auc_score(y_test, predictions)\n\n    metrics.log_metric(\"accuracy\", accuracy)\n    metrics.log_metric(\"auc\", auc)\n\n    os.makedirs(model.path, exist_ok=True)\n    joblib.dump(xgb_model, os.path.join(model.path, \"model.joblib\"))\n\n"
          ],
          "image": "python:3.10"
        }
      }
    }
  },
  "pipelineInfo": {
    "description": "Pipeline to train, evaluate, and deploy an XGBoost model.",
    "name": "classification-demo-pipeline"
  },
  "root": {
    "dag": {
      "outputs": {
        "artifacts": {
          "evaluate-model-metrics": {
            "artifactSelectors": [
              {
                "outputArtifactKey": "metrics",
                "producerSubtask": "evaluate-model"
              }
            ]
          },
          "xgboost-training-metrics": {
            "artifactSelectors": [
              {
                "outputArtifactKey": "metrics",
                "producerSubtask": "xgboost-training"
              }
            ]
          }
        }
      },
      "tasks": {
        "create-bq-view": {
          "cachingOptions": {
            "enableCache": true
          },
          "componentRef": {
            "name": "comp-create-bq-view"
          },
          "inputs": {
            "parameters": {
              "dataset_id": {
                "runtimeValue": {
                  "constant": "synthetic"
                }
              },
              "project_id": {
                "runtimeValue": {
                  "constant": "mdepew-assets"
                }
              },
              "table_name": {
                "runtimeValue": {
                  "constant": "synthetic_mortgage_data"
                }
              },
              "view_name": {
                "runtimeValue": {
                  "constant": "synthetic_data"
                }
              }
            }
          },
          "taskInfo": {
            "name": "create-bq-view"
          }
        },
        "deploy-xgboost-model": {
          "cachingOptions": {
            "enableCache": true
          },
          "componentRef": {
            "name": "comp-deploy-xgboost-model"
          },
          "dependentTasks": [
            "xgboost-training"
          ],
          "inputs": {
            "artifacts": {
              "model": {
                "taskOutputArtifact": {
                  "outputArtifactKey": "model",
                  "producerTask": "xgboost-training"
                }
              }
            },
            "parameters": {
              "project_id": {
                "runtimeValue": {
                  "constant": "mdepew-assets"
                }
              }
            }
          },
          "taskInfo": {
            "name": "deploy-xgboost-model"
          }
        },
        "evaluate-model": {
          "cachingOptions": {
            "enableCache": true
          },
          "componentRef": {
            "name": "comp-evaluate-model"
          },
          "dependentTasks": [
            "export-dataset",
            "xgboost-training"
          ],
          "inputs": {
            "artifacts": {
              "model": {
                "taskOutputArtifact": {
                  "outputArtifactKey": "model",
                  "producerTask": "xgboost-training"
                }
              },
              "test_data": {
                "taskOutputArtifact": {
                  "outputArtifactKey": "dataset",
                  "producerTask": "export-dataset"
                }
              }
            }
          },
          "taskInfo": {
            "name": "evaluate-model"
          }
        },
        "export-dataset": {
          "cachingOptions": {
            "enableCache": true
          },
          "componentRef": {
            "name": "comp-export-dataset"
          },
          "inputs": {
            "parameters": {
              "dataset_id": {
                "runtimeValue": {
                  "constant": "synthetic"
                }
              },
              "project_id": {
                "runtimeValue": {
                  "constant": "mdepew-assets"
                }
              },
              "view_name": {
                "runtimeValue": {
                  "constant": "synthetic_data"
                }
              }
            }
          },
          "taskInfo": {
            "name": "export-dataset"
          }
        },
        "xgboost-training": {
          "cachingOptions": {
            "enableCache": true
          },
          "componentRef": {
            "name": "comp-xgboost-training"
          },
          "dependentTasks": [
            "export-dataset"
          ],
          "inputs": {
            "artifacts": {
              "dataset": {
                "taskOutputArtifact": {
                  "outputArtifactKey": "dataset",
                  "producerTask": "export-dataset"
                }
              }
            }
          },
          "taskInfo": {
            "name": "xgboost-training"
          }
        }
      }
    },
    "outputDefinitions": {
      "artifacts": {
        "evaluate-model-metrics": {
          "artifactType": {
            "schemaTitle": "system.Metrics",
            "schemaVersion": "0.0.1"
          }
        },
        "xgboost-training-metrics": {
          "artifactType": {
            "schemaTitle": "system.Metrics",
            "schemaVersion": "0.0.1"
          }
        }
      }
    }
  },
  "schemaVersion": "2.1.0",
  "sdkVersion": "kfp-2.7.0"
}