{
  "components": {
    "comp-preprocess-bq-data": {
      "executorLabel": "exec-preprocess-bq-data",
      "inputDefinitions": {
        "parameters": {
          "bq_table": {
            "parameterType": "STRING"
          }
        }
      },
      "outputDefinitions": {
        "artifacts": {
          "output_data": {
            "artifactType": {
              "schemaTitle": "system.Dataset",
              "schemaVersion": "0.0.1"
            }
          }
        }
      }
    },
    "comp-train-binary-model": {
      "executorLabel": "exec-train-binary-model",
      "inputDefinitions": {
        "artifacts": {
          "input_data": {
            "artifactType": {
              "schemaTitle": "system.Dataset",
              "schemaVersion": "0.0.1"
            }
          }
        },
        "parameters": {
          "target_column": {
            "parameterType": "STRING"
          }
        }
      },
      "outputDefinitions": {
        "artifacts": {
          "output_model": {
            "artifactType": {
              "schemaTitle": "system.Model",
              "schemaVersion": "0.0.1"
            }
          }
        }
      }
    }
  },
  "deploymentSpec": {
    "executors": {
      "exec-preprocess-bq-data": {
        "container": {
          "args": [
            "--executor_input",
            "{{$}}",
            "--function_to_execute",
            "preprocess_bq_data"
          ],
          "command": [
            "sh",
            "-c",
            "\nif ! [ -x \"$(command -v pip)\" ]; then\n    python3 -m ensurepip || python3 -m ensurepip --user || apt-get install python3-pip\nfi\n\nPIP_DISABLE_PIP_VERSION_CHECK=1 python3 -m pip install --quiet --no-warn-script-location 'kfp==2.7.0' '--no-deps' 'typing-extensions>=3.7.4,<5; python_version<\"3.9\"'  &&  python3 -m pip install --quiet --no-warn-script-location 'pandas' 'pyarrow' 'google-cloud-bigquery' && \"$0\" \"$@\"\n",
            "sh",
            "-ec",
            "program_path=$(mktemp -d)\n\nprintf \"%s\" \"$0\" > \"$program_path/ephemeral_component.py\"\n_KFP_RUNTIME=true python3 -m kfp.dsl.executor_main                         --component_module_path                         \"$program_path/ephemeral_component.py\"                         \"$@\"\n",
            "\nimport kfp\nfrom kfp import dsl\nfrom kfp.dsl import *\nfrom typing import *\n\ndef preprocess_bq_data(\n    bq_table: str,\n    output_data: Output[Dataset],\n):\n    from google.cloud import bigquery\n\n    # Load data from BigQuery\n    client = bigquery.Client()\n    query = f\"SELECT * FROM `{bq_table}`\"\n    df = client.query(query).to_dataframe()\n\n    # Perform any necessary preprocessing steps here (e.g., data cleaning, feature engineering)\n\n\n    # Preprocessing (Example: Fill missing values and one-hot encode categorical columns)\n    df = df.fillna(0)  # Fill NaN values\n    df = pd.get_dummies(df, drop_first=True)  # One-hot encoding\n\n    # Save the preprocessed data\n    output_path = output_data.path + \".csv\"\n    df.to_csv(output_path, index=False)\n    print(f\"Preprocessed data saved to: {output_path}\")\n\n"
          ],
          "image": "python:3.9"
        }
      },
      "exec-train-binary-model": {
        "container": {
          "args": [
            "--executor_input",
            "{{$}}",
            "--function_to_execute",
            "train_binary_model"
          ],
          "command": [
            "sh",
            "-c",
            "\nif ! [ -x \"$(command -v pip)\" ]; then\n    python3 -m ensurepip || python3 -m ensurepip --user || apt-get install python3-pip\nfi\n\nPIP_DISABLE_PIP_VERSION_CHECK=1 python3 -m pip install --quiet --no-warn-script-location 'kfp==2.7.0' '--no-deps' 'typing-extensions>=3.7.4,<5; python_version<\"3.9\"'  &&  python3 -m pip install --quiet --no-warn-script-location 'pandas' 'scikit-learn' && \"$0\" \"$@\"\n",
            "sh",
            "-ec",
            "program_path=$(mktemp -d)\n\nprintf \"%s\" \"$0\" > \"$program_path/ephemeral_component.py\"\n_KFP_RUNTIME=true python3 -m kfp.dsl.executor_main                         --component_module_path                         \"$program_path/ephemeral_component.py\"                         \"$@\"\n",
            "\nimport kfp\nfrom kfp import dsl\nfrom kfp.dsl import *\nfrom typing import *\n\ndef train_binary_model(\n    input_data: Input[Dataset],\n    target_column: str,\n    output_model: Output[Model],\n):\n    # Load preprocessed data\n    df = pd.read_csv(input_data.path)\n\n    # Split data into features and target\n    X = df.drop(columns=[target_column])\n    y = df[target_column]\n\n    # Train-test split\n    X_train, X_val, y_train, y_val = train_test_split(X, y, test_size=0.2, random_state=42)\n\n    # Train a Logistic Regression model\n    model = LogisticRegression()\n    model.fit(X_train, y_train)\n\n    # Evaluate the model\n    y_pred = model.predict(X_val)\n    accuracy = accuracy_score(y_val, y_pred)\n    print(f\"Validation Accuracy: {accuracy}\")\n\n    # Save the model\n    model_path = output_model.path + \".joblib\"\n    joblib.dump(model, model_path)\n    print(f\"Model saved to: {model_path}\")\n\n"
          ],
          "image": "python:3.9"
        }
      }
    }
  },
  "pipelineInfo": {
    "name": "mortgage-data-classification"
  },
  "root": {
    "dag": {
      "tasks": {
        "preprocess-bq-data": {
          "cachingOptions": {},
          "componentRef": {
            "name": "comp-preprocess-bq-data"
          },
          "inputs": {
            "parameters": {
              "bq_table": {
                "componentInputParameter": "bq_table"
              }
            }
          },
          "taskInfo": {
            "name": "preprocess-bq-data"
          }
        },
        "train-binary-model": {
          "cachingOptions": {
            "enableCache": true
          },
          "componentRef": {
            "name": "comp-train-binary-model"
          },
          "dependentTasks": [
            "preprocess-bq-data"
          ],
          "inputs": {
            "artifacts": {
              "input_data": {
                "taskOutputArtifact": {
                  "outputArtifactKey": "output_data",
                  "producerTask": "preprocess-bq-data"
                }
              }
            },
            "parameters": {
              "target_column": {
                "componentInputParameter": "target_column"
              }
            }
          },
          "taskInfo": {
            "name": "train-binary-model"
          }
        }
      }
    },
    "inputDefinitions": {
      "parameters": {
        "bq_table": {
          "defaultValue": "mdepew-assets.synthetic.synthetic_mortgage_data",
          "isOptional": true,
          "parameterType": "STRING"
        },
        "target_column": {
          "defaultValue": "refinance",
          "isOptional": true,
          "parameterType": "STRING"
        }
      }
    }
  },
  "schemaVersion": "2.1.0",
  "sdkVersion": "kfp-2.7.0"
}